INSERT INTO pilotos (id, nombre, conduccion) VALUES
(1, 'Marc Márquez', 'agresiva'),
(2, 'Valentino Rossi', 'temeraria'),
(3, 'Fabio Quartararo', 'pasiva'),
(4, 'Francesco Bagnaia', 'agresiva'),
(5, 'Joan Mir', 'pasiva'),
(6, 'Jack Miller', 'temeraria'),
(7, 'Maverick Viñales', 'agresiva'),
(8, 'Aleix Espargaró', 'pasiva'),
(9, 'Brad Binder', 'agresiva'),
(10, 'Enea Bastianini','temeraria');


INSERT INTO circuitos (id, nombre, localidad) VALUES
(1, 'Losail', 'Catar'),
(2, 'Termas de Río Hondo', 'Argentina'),
(3, 'Austin', 'Estados Unidos'),
(4, 'Jerez', 'España'),
(5, 'Le Mans', 'Francia'),
(6, 'Mugello', 'Italia'),
(7, 'Assen', 'Países Bajos'),
(8, 'Red Bull Ring', 'Austria'),
(9, 'Misano', 'San Marino'),
(10, 'Phillip Island','Australia');

INSERT INTO carreras (id, piloto_id, circuito_id, temporada, posicion) VALUES
(1, 1, 1, '2023', 'TERCERO'),
(2, 2, 1, '2023', 'QUINTO'),
(3, 3, 1, '2023', 'PRIMERO'),
(4, 4, 2, '2023', 'CUARTO'),
(5, 5, 2, '2023', 'SEPTIMO'),
(6, 6, 2, '2023', 'SEGUNDO'),
(7, 7, 3, '2023', 'SEXTO'),
(8, 8, 3, '2023', 'NOVENO'),
(9, 9, 3, '2023', 'DUODECIMO'),
(10, 10, 4, '2023', 'UNDECIMO'),
(11, 1, 4, '2023', 'OCTAVO'),
(12, 2, 5, '2023', 'CUARTO'),
(13, 3, 5, '2023', 'SEGUNDO'),
(14, 4, 6, '2023', 'PRIMERO'),
(15, 5, 6, '2023', 'DECIMO'),
(16, 6, 7, '2023', 'TERCERO'),
(17, 7, 7, '2023', 'QUINTO'),
(18, 8, 8, '2023', 'SEPTIMO'),
(19, 9, 8, '2023', 'SEXTO'),
(20, 10, 9, '2023', 'OCTAVO'),
(21, 1, 9, '2023', 'CUARTO'),
(22, 2, 10, '2023', 'SEGUNDO'),
(23, 3, 10, '2023', 'PRIMERO'),
(24, 1, 1, '2024', 'SEGUNDO'),
(25, 2, 2, '2024', 'SEXTO'),
(26, 3, 3, '2024', 'TERCERO'),
(27, 4, 4, '2024', 'SEPTIMO'),
(28, 5, 5, '2024', 'PRIMERO'),
(29, 6, 6, '2024', 'CUARTO'),
(30, 7, 7, '2024', 'OCTAVO'),
(31, 8, 8, '2024', 'QUINTO'),
(32, 9, 9, '2024', 'NOVENO'),
(33, 10, 10, '2024', 'SEGUNDO'),
(34, 1, 2, '2024', 'TERCERO'),
(35, 2, 3, '2024', 'SEPTIMO'),
(36, 3, 4, '2024', 'PRIMERO'),
(37, 4, 5, '2024', 'SEGUNDO'),
(38, 5, 6, '2024', 'SEXTO'),
(39, 6, 7, '2024', 'CUARTO'),
(40, 7, 8, '2024', 'DECIMO'),
(41, 8, 9, '2024', 'QUINTO'),
(42, 9, 10, '2024', 'OCTAVO'),
(43, 10, 1, '2024', 'NOVENO'),
(44, 1, 3, '2024', 'PRIMERO'),
(45, 2, 5, '2024', 'TERCERO'),
(46, 3, 7, '2024', 'SEGUNDO'),
(47, 4, 9, '2024', 'SEXTO');


