/*INSERT INTO circuito (id, nombre, localidad) VALUES
(1, 'Losail', 'Catar'),
(2, 'Termas de Río Hondo', 'Argentina'),
(3, 'Austin', 'Estados Unidos'),
(4, 'Jerez', 'España'),
(5, 'Le Mans', 'Francia'),
(6, 'Mugello', 'Italia'),
(7, 'Assen', 'Países Bajos'),
(8, 'Red Bull Ring', 'Austria'),
(9, 'Misano', 'San Marino'),
(10, 'Phillip Island', 'Australia');

INSERT INTO carreras (id, id_piloto, id_circuito, temporada, posición) VALUES
(1, 1, 1, '2023', 'PRIMER'),
(2, 2, 1, '2023', 'SEGUNDO'),
(3, 3, 1, '2023', 'TERCER'),
(4, 4, 2, '2023', 'CUARTO'),
(5, 5, 2, '2023', 'QUINTO'),
(6, 6, 2, '2023', 'SEXTO'),
(7, 7, 3, '2023', 'SEPTIMO'),
(8, 8, 3, '2023', 'OCTAVO'),
(9, 9, 3, '2023', 'NOVENO'),
(10, 10, 4, '2023', 'DECIMO'),
(11, 1, 4, '2023', 'DECIMO PRIMERO'),
(12, 2, 5, '2023', 'DECIMO SEGUNDO'),
(13, 3, 5, '2023', 'DECIMO TERCERO'),
(14, 4, 6, '2023', 'DECIMO CUARTO'),
(15, 5, 6, '2023', 'DECIMO QUINTO'),
(16, 6, 7, '2023', 'DECIMO SEXTO'),
(17, 7, 7, '2023', 'DECIMO SEPTIMO'),
(18, 8, 8, '2023', 'DECIMO OCTAVO'),
(19, 9, 8, '2023', 'DECIMO NOVENO'),
(20, 10, 9, '2023', 'VIGESIMO'),
(21, 1, 9, '2023', 'VIGESIMO PRIMERO'),
(22, 2, 10, '2023', 'VIGESIMO SEGUNDO'),
(23, 3, 10, '2023', 'VIGESIMO TERCERO'),
(24, 1, 1, '2024', 'PRIMER'),
(25, 2, 2, '2024', 'SEGUNDO'),
(26, 3, 3, '2024', 'TERCER'),
(27, 4, 4, '2024', 'CUARTO'),
(28, 5, 5, '2024', 'QUINTO'),
(29, 6, 6, '2024', 'SEXTO'),
(30, 7, 7, '2024', 'SEPTIMO'),
(31, 8, 8, '2024', 'OCTAVO'),
(32, 9, 9, '2024', 'NOVENO'),
(33, 10, 10, '2024', 'DECIMO'),
(34, 1, 2, '2024', 'DECIMO PRIMERO'),
(35, 2, 3, '2024', 'DECIMO SEGUNDO'),
(36, 3, 4, '2024', 'DECIMO TERCERO'),
(37, 4, 5, '2024', 'DECIMO CUARTO'),
(38, 5, 6, '2024', 'DECIMO QUINTO'),
(39, 6, 7, '2024', 'DECIMO SEXTO'),
(40, 7, 8, '2024', 'DECIMO SEPTIMO'),
(41, 8, 9, '2024', 'DECIMO OCTAVO'),
(42, 9, 10, '2024', 'DECIMO NOVENO'),
(43, 10, 1, '2024', 'VIGESIMO'),
(44, 1, 3, '2024', 'VIGESIMO PRIMERO'),
(45, 2, 5, '2024', 'VIGESIMO SEGUNDO'),
(46, 3, 7, '2024', 'VIGESIMO TERCERO'),
(47, 4, 9, '2024', 'VIGESIMO CUARTO');


INSERT INTO piloto (id, nombre, conducción) VALUES
(1, 'Marc Márquez', 'agresiva'),
(2, 'Valentino Rossi', 'temeraria'),
(3, 'Fabio Quartararo', 'pasiva'),
(4, 'Francesco Bagnaia', 'agresiva'),
(5, 'Joan Mir', 'pasiva'),
(6, 'Jack Miller', 'temeraria'),
(7, 'Maverick Viñales', 'agresiva'),
(8, 'Aleix Espargaró', 'pasiva'),
(9, 'Brad Binder', 'agresiva'),
(10, 'Enea Bastianini', 'temeraria');
